{
  "hash": "80629f96",
  "configHash": "920d96ff",
  "lockfileHash": "1c344a12",
  "browserHash": "eecd7914",
  "optimized": {
    "@angular/core": {
      "src": "../../../../../../node_modules/@angular/core/fesm2022/core.mjs",
      "file": "@angular_core.js",
      "fileHash": "919d7476",
      "needsInterop": false
    },
    "@angular/platform-browser": {
      "src": "../../../../../../node_modules/@angular/platform-browser/fesm2022/platform-browser.mjs",
      "file": "@angular_platform-browser.js",
      "fileHash": "7f753d89",
      "needsInterop": false
    },
    "@angular/router": {
      "src": "../../../../../../node_modules/@angular/router/fesm2022/router.mjs",
      "file": "@angular_router.js",
      "fileHash": "73a13134",
      "needsInterop": false
    },
    "@angular/common/http": {
      "src": "../../../../../../node_modules/@angular/common/fesm2022/http.mjs",
      "file": "@angular_common_http.js",
      "fileHash": "798bcbf3",
      "needsInterop": false
    },
    "@angular/forms": {
      "src": "../../../../../../node_modules/@angular/forms/fesm2022/forms.mjs",
      "file": "@angular_forms.js",
      "fileHash": "416b91ee",
      "needsInterop": false
    }
  },
  "chunks": {
    "chunk-DFXG653I": {
      "file": "chunk-DFXG653I.js"
    },
    "chunk-LKV4YM6Z": {
      "file": "chunk-LKV4YM6Z.js"
    },
    "chunk-V6TFC7UE": {
      "file": "chunk-V6TFC7UE.js"
    },
    "chunk-4K5ES66U": {
      "file": "chunk-4K5ES66U.js"
    },
    "chunk-MHVRFEGU": {
      "file": "chunk-MHVRFEGU.js"
    }
  }
}